{"main":"american-flights-api-novo.raml","name":"American Flights API NOVO","classifier":"raml","tags":[],"groupId":"466487fb-e934-4dba-95e6-2764c5bade9c","assetId":"american-flights-api-novo","version":"1.0.2","apiVersion":"v1","dependencies":[{"groupId":"68ef9520-24e9-4cf2-b2f5-620025690913","assetId":"training-american-flight-data-type","version":"1.0.1"},{"groupId":"68ef9520-24e9-4cf2-b2f5-620025690913","assetId":"training-american-flights-example","version":"1.0.1"}],"originalFormatVersion":"1.0"}